"Database","Source_ID","Source_ID_original","Authors_year","Year","Journal","DOI"
"PREDICTS",1,"AD1_2010__Quintero","Quintero et al. 2010",2010,"Biodiversity and Conservation","10.1007/s10531-009-9720-5"
"PREDICTS",2,"AD1_2011__Tonietto","Tonietto et al. 2011",2011,"Landscape and Urban Planning","10.1016/j.landurbplan.2011.07.004"
"PREDICTS",3,"AD1_2012__Yamaura","Yamaura et al. 2012",2012,"Biodiversity and Conservation","10.1007/s10531-012-0244-z"
"PREDICTS",4,"AD1_2013__Grass","Grass et al. 2013",2013,"Oecologia","10.1007/s00442-013-2688-6"
"PREDICTS",5,"AR1_2007__Gottschalk","Gottschalk et al. 2007",2007,"Neotropical Entomology","10.1590/s1519-566x2007000600005"
"PREDICTS",6,"AR1_2008__Navarrete","Navarrete and Halffter 2008",2008,"Biodiversity and Conservation","10.1007/s10531-008-9402-8"
"PREDICTS",7,"AR1_2010__Kone","Kone et al. 2010",2010,"Journal of Applied Biosciences",""
"PREDICTS",8,"AR1_2011__Slade","Slade et al. 2011",2011,"Biological Conservation","10.1016/j.biocon.2010.08.011"
"PREDICTS",9,"BS1_2011__Jolli","Jolli and Pandit 2011",2011,"Ring","10.2478/v10050-011-0003-7"
"PREDICTS",10,"BS1_2012__Naithani","Naithani and Bhatt 2012",2012,"Biologia","10.2478/s11756-012-0068-z"
"PREDICTS",11,"CC1_2007__Ewers","Ewers et al. 2007",2007,"Ecology","10.1890/0012-9658(2007)88[96:sibeaa]2.0.co;2"
"PREDICTS",12,"CC1_2013__Litchwark","Litchwark 2013",2013,"",""
"PREDICTS",13,"CM1_2007__MarinSpiotta","Marin-Spiotta et al. 2007",2007,"Ecological Applications","10.1890/06-1268"
"PREDICTS",14,"CM1_2008__LoManHung","Lo-Man-Hung et al. 2008",2008,"Journal of Arachnology","10.1636/ct07-136.1"
"PREDICTS",15,"CM1_2009__Letcher","Letcher and Chazdon 2009",2009,"Biotropica","10.1111/j.1744-7429.2009.00517.x"
"PREDICTS",16,"CM1_2009__Roembke","Römbke et al. 2009",2009,"Pesquisa Agropecuaria Brasileira","10.1590/s0100-204x2009000800037"
"PREDICTS",17,"CM1_2010__Berry","Berry et al. 2010",2010,"Biodiversity and Conservation","10.1007/s10531-010-9779-z"
"PREDICTS",18,"CM1_2012__Katovai","Katovai et al. 2012",2012,"Biological Conservation","10.1016/j.biocon.2011.11.008"
"PREDICTS",19,"CM1_2012__McNamara","McNamara et al. 2012",2012,"Forest Ecology and Management","10.1016/j.foreco.2012.06.004"
"PREDICTS",20,"DI1_2006__Scott","Scott et al. 2006",2006,"Biological Conservation","10.1016/j.biocon.2005.07.014"
"PREDICTS",21,"DI1_2008__Noeske","Nöske et al. 2008",2008,"Basic and Applied Ecology","10.1016/j.baae.2007.06.014"
"PREDICTS",22,"DI1_2012__Reid","Reid et al. 2012",2012,"Biotropica","10.1111/j.1744-7429.2011.00814.x"
"PREDICTS",23,"DI1_2012__Roes","Rös et al. 2012",2012,"Diversity and Distributions","10.1111/j.1472-4642.2011.00834.x"
"PREDICTS",24,"DI1_2013__deLima","de Lima et al. 2013",2013,"Diversity and Distributions","10.1111/ddi.12015"
"PREDICTS",25,"DL1_2009__Rasmussen","Rasmussen 2009",2009,"Neotropical Entomology","10.1590/s1519-566x2009000100006"
"PREDICTS",26,"DL1_2009__Sugiura","Sugiura et al. 2009",2009,"Journal of Insect Conservation","10.1007/s10841-008-9185-y"
"PREDICTS",27,"DL1_2010__Bocon","Bóçon 2010",2010,"",""
"PREDICTS",28,"DL1_2010__Jacobs","Jacobs et al. 2010",2010,"Journal of Insect Conservation","10.1007/s10841-010-9270-x"
"PREDICTS",29,"DL1_2010__Miranda","Miranda et al. 2010",2010,"Ornitologia Neotropical",""
"PREDICTS",30,"DL1_2012__Politi","Politi et al. 2012",2012,"Biodiversity and Conservation","10.1007/s10531-012-0358-3"
"PREDICTS",31,"DL1_2012__Ribeiro","Ribeiro and Freitas 2012",2012,"Journal of Insect Conservation","10.1007/s10841-012-9458-3"
"PREDICTS",32,"DL1_2012__Siebert","Siebert 2011",2011,"Plant Ecology and Evolution","10.5091/plecevo.2011.501"
"PREDICTS",33,"DL1_2013__OforiBoateng","Ofori-Boateng et al. 2013",2013,"Biotropica","10.1111/j.1744-7429.2012.00887.x"
"PREDICTS",34,"DL1_2013__Rodrigues","Rodrigues et al. 2013",2013,"Brazilian Journal of Biology",""
"PREDICTS",35,"DL1_2013__deThoisy","de Thoisy et al. 2010",2010,"Biodiversity and Conservation","10.1007/s10531-010-9787-z"
"PREDICTS",36,"EP1_1996__Laurance","Laurance and Laurance 1996",1996,"Biotropica","10.2307/2389195"
"PREDICTS",37,"HB1_1998__Svenning","Svenning 1998",1998,"Biodiversity and Conservation","10.1023/a:1008831600795"
"PREDICTS",38,"HB1_1999__Vasconcelos","Vasconcelos 1999",1999,"Biodiversity and Conservation",""
"PREDICTS",39,"HB1_2000__Vasconcelos","Vasconcelos et al. 2000",2000,"Journal of Applied Ecology","10.1046/j.1365-2664.2000.00512.x"
"PREDICTS",40,"HB1_2001__Aumann","Aumann 2001",2001,"Emu","10.1071/mu00072"
"PREDICTS",41,"HP1_2004__Cleary","Cleary et al. 2004",2004,"Oikos","10.1111/j.0030-1299.2004.12219.x"
"PREDICTS",42,"HP1_2007__MacSwiney","MacSwiney et al. 2007",2007,"Biological Conservation","10.1016/j.biocon.2006.12.021"
"PREDICTS",43,"HP1_2007__Shahabuddin","Shahabuddin and Kumar 2006",2006,"Animal Conservation","10.1111/j.1469-1795.2006.00051.x"
"PREDICTS",43,"HP1_2007__Shahabuddin","Shahabuddin and Kumar 2007",2007,"Forest Ecology and Management","10.1016/j.foreco.2007.03.061"
"PREDICTS",44,"HP1_2007b_Barlow","Barlow et al. 2007b",2007,"Journal of Applied Ecology","10.1111/j.1365-2664.2007.01347.x"
"PREDICTS",45,"HP1_2007c_Barlow","Barlow et al. 2007",2007,"Proceedings of the National Academy of Sciences of the United States of America","10.1073/pnas.0703333104"
"PREDICTS",46,"HP1_2008__Farwig","Farwig et al. 2008",2008,"Forest Ecology and Management","10.1016/j.foreco.2008.03.042"
"PREDICTS",47,"HP1_2008__Gomes","Gomes et al. 2008",2008,"Biological Conservation","10.1016/j.biocon.2008.01.007"
"PREDICTS",47,"HP1_2008__Gomes","Oostra et al. 2008",2008,"Bird Conservation International",""
"PREDICTS",48,"HP1_2008__Presley","Presley et al. 2008",2008,"Journal of Applied Ecology","10.1111/j.1365-2664.2007.01373.x"
"PREDICTS",49,"HP1_2009__Horgan","Horgan 2009",2009,"Biodiversity and Conservation","10.1007/s10531-009-9658-7"
"PREDICTS",50,"HP1_2009__Kessler","Kessler et al. 2009",2009,"Ecological Applications","10.1890/08-1074.1"
"PREDICTS",51,"HP1_2010__Bicknell","Bicknell and Peres 2010",2010,"Forest Ecology and Management","10.1016/j.foreco.2010.02.027"
"PREDICTS",52,"HW1_2006__Summerville","Summerville et al. 2006",2006,"Ecological Applications","10.1890/1051-0761(2006)016[0891:stapol]2.0.co;2"
"PREDICTS",53,"HW1_2007__Chapman","Chapman and Reich 2007",2007,"Biological Conservation","10.1016/j.biocon.2006.10.050"
"PREDICTS",54,"HW1_2008__Cagle","Cagle 2008",2008,"Biological Conservation","10.1016/j.biocon.2008.01.003"
"PREDICTS",55,"HW1_2008__Lantschner","Lantschner et al. 2008",2008,"Biodiversity and Conservation","10.1007/s10531-007-9243-x"
"PREDICTS",56,"HW1_2012__Lantschner","Lantschner et al. 2012",2012,"Forest Ecology and Management","10.1016/j.foreco.2011.12.045"
"PREDICTS",57,"HW1_2012__Pelegrin","Pelegrin and Bucher 2012",2012,"Journal of Arid Environments","10.1016/j.jaridenv.2011.11.004"
"PREDICTS",58,"HZ1_2011__Herrera","Herrera et al. 2011",2011,"International Journal of Primatology","10.1007/s10764-011-9525-8"
"PREDICTS",59,"HZ1_2012__Kutt","Kutt et al. 2012",2012,"Rangeland Journal","10.1071/rj11049"
"PREDICTS",60,"HZ1_2013__Garmendia","Garmendia et al. 2013",2013,"Journal of Tropical Ecology","10.1017/s0266467413000370"
"PREDICTS",61,"KS1_2005__Pons","Pons and Wendenburg 2005",2005,"Animal Conservation","10.1017/s1367943005001940"
"PREDICTS",62,"KS1_2006__Borges","Borges et al. 2006",2006,"Journal of Biogeography","10.1111/j.1365-2699.2005.01324.x"
"PREDICTS",63,"KS1_2012__Pethiyagoda","Pethiyagoda and Manamendra-Arachchi 2012",2012,"Wildlife Research","10.1071/wr12079"
"PREDICTS",64,"LK1_2008__Henschel","Henschel 2008",2008,"",""
"PREDICTS",65,"MG1_2005__Vanbergen","Vanbergen et al. 2005",2005,"Ecography","10.1111/j.0906-7590.2005.03991.x"
"PREDICTS",66,"MG1_2006__Baur","Baur et al. 2006",2006,"Biological Conservation","10.1016/j.biocon.2006.04.018"
"PREDICTS",67,"MG1_2008__Paritsis","Paritsis and Aizen 2008",2008,"Forest Ecology and Management","10.1016/j.foreco.2007.11.015"
"PREDICTS",68,"MJ1_2009__Lehouck","Lehouck et al. 2009",2009,"Oikos","10.1111/j.1600-0706.2009.17300.x"
"PREDICTS",69,"MJ1_2011__Granjon","Granjon and Duplantier 2011",2011,"Mammalian Biology","10.1016/j.mambio.2011.06.003"
"PREDICTS",70,"MJ1_2012__Malonza","Malonza and Veith 2012",2012,"Herpetotropicos",""
"PREDICTS",71,"MJ1_2013__Adum","Adum et al. 2013",2013,"Conservation Biology","10.1111/cobi.12006"
"PREDICTS",72,"SC1_2002__Summerville","Summerville and Crist 2002",2002,"Ecological Applications","10.1890/1051-0761(2002)012[0820:eothof]2.0.co;2"
"PREDICTS",73,"SC1_2005__Marsh","Doulton et al. 2007",2007,"",""
"PREDICTS",74,"SC1_2006__Benedick","Benedick et al. 2006",2006,"Journal of Applied Ecology","10.1111/j.1365-2664.2006.01209.x"
"PREDICTS",75,"SC1_2006__Mayfield","Mayfield et al. 2006",2006,"Journal of Ecology","10.1111/j.1365-2745.2006.01108.x"
"PREDICTS",76,"SC1_2006__UrbinaCardona","Urbina-Cardona et al. 2006",2006,"Biological Conservation","10.1016/j.biocon.2006.03.014"
"PREDICTS",77,"SC1_2011__Meijer","Cardoso et al. 2009",2009,"Acta Oecologica","10.1016/j.actao.2009.05.005"
"PREDICTS",77,"SC1_2011__Meijer","Meijer et al. 2011",2011,"Journal of Insect Conservation","10.1007/s10841-010-9330-2"
"PREDICTS",78,"SC1_2012__GendreauBerthiaume","Gendreau-Berthiaume et al. 2012",2012,"Forestry","10.1093/forestry/cps051"
"PREDICTS",79,"SC1_2013__Fernandez","Fernandez and Simonetti 2013",2013,"Urban Ecosystems","10.1007/s11252-012-0272-1"
"PREDICTS",80,"SC1_2014__Fowler","Fowler 2014",2014,"",""
"PREDICTS",81,"SC1_2014__Kurz","Kurz et al. 2014",2014,"Biological Conservation","10.1016/j.biocon.2013.12.027"
"PREDICTS",82,"SC1_2014__Raub","Raub et al. 2014",2014,"Journal of Arachnology","10.1636/p13-47.1"
"PREDICTS",83,"SC2_2009__Louhaichi","Louhaichi et al. 2009",2009,"International Journal of Agriculture and Biology",""
"PREDICTS",84,"SC2_2012__Santana","Santana et al. 2012",2012,"Journal of Applied Ecology","10.1111/j.1365-2664.2012.02141.x"
"PREDICTS",85,"SC2_2012__Verdasca","Verdasca et al. 2012",2012,"Biological Conservation","10.1016/j.biocon.2011.10.031"
"PREDICTS",86,"SE1_2004__Gutierrez","Gutierrez-Lamus 2004",2004,"Caldasia",""
"PREDICTS",87,"SE1_2007__SmithPardo","Smith-Pardo and Gonzalez 2007",2007,"Acta Biológica Colombiana",""
"PREDICTS",88,"SE1_2012__Cabra","Cabra-García et al. 2012",2012,"Biodiversity and Conservation","10.1007/s10531-012-0259-5"
"PREDICTS",89,"SE2_2009__Craig","Craig et al. 2009",2009,"Wildlife Research","10.1071/wr09014"
"PREDICTS",90,"SE2_2010__Gaigher","Gaigher and Samways 2010",2010,"Journal of Insect Conservation","10.1007/s10841-010-9286-2"
"PREDICTS",91,"SE2_2010__McCarthy","McCarthy et al. 2010",2010,"Mountain Research and Development","10.1659/mrd-journal-d-09-00080.1"
"PREDICTS",92,"SE2_2012__Craig","Craig et al. 2012",2012,"Journal of Applied Ecology","10.1111/j.1365-2664.2012.02152.x"
"PREDICTS",93,"SE2_2014a_Craig","Craig et al. 2014",2014,"Forest Ecology and Management","10.1016/j.foreco.2014.01.011"
"PREDICTS",94,"SE2_2014b_Craig","Craig et al. 2015",2015,"Austral Ecology","10.1111/aec.12193"
"PREDICTS",95,"SH1_2001__Floren","Floren et al. 2001",2001,"Ecography","10.1111/j.1600-0587.2001.tb00489.x"
"PREDICTS",96,"SH1_2002__Bonham","Bonham et al. 2002",2002,"Forest Ecology and Management","10.1016/s0378-1127(00)00717-9"
"PREDICTS",97,"SH1_2005__OConnor","O'Connor 2005",2005,"Journal of Applied Ecology","10.1111/j.1365-2664.2005.01065.x"
"PREDICTS",98,"SH1_2010__Albertos","Albertos et al. 2005",2005,"Cryptogamie",""
"PREDICTS",99,"SH1_2013__Peri","Peri et al. 2013",2013,"",""
"PREDICTS",100,"TN1_1998__Owiunji","Owiunji and Plumptre 1998",1998,"Forest Ecology and Management","10.1016/s0378-1127(98)00219-9"
"PREDICTS",101,"TN1_2005__Fermon","Fermon et al. 2005",2005,"Biodiversity and Conservation","10.1007/s10531-004-5054-9"
"PREDICTS",102,"TN1_2006__Bobo","Bobo et al. 2006",2006,"Journal of Insect Conservation","10.1007/s10841-005-8564-x"
"PREDICTS",103,"TN1_2006__Nakagawa","Nakagawa et al. 2006",2006,"Forest Ecology and Management","10.1016/j.foreco.2006.05.006"
"PREDICTS",104,"TN1_2006__Soh","Soh et al. 2006",2006,"Biological Conservation","10.1016/j.biocon.2005.10.030"
"PREDICTS",105,"TN1_2007__Bouyer","Bouyer et al. 2007",2007,"Biological Conservation","10.1016/j.biocon.2007.04.001"
"PREDICTS",106,"TN1_2007__CastroLuna","Castro-Luna et al. 2007",2007,"Animal Conservation","10.1111/j.1469-1795.2007.00097.x"
"PREDICTS",107,"TN1_2007__ODea","O'Dea and Whittaker 2007",2007,"Biodiversity and Conservation","10.1007/s10531-006-9095-9"
"PREDICTS",108,"TN1_2009__Fukuda","Fukuda et al. 2009",2009,"Raffles Bulletin of Zoology",""
"PREDICTS",109,"VK1_2009__Noreika","Noreika 2009",2009,"New and Rare for Lithuania Insect Species",""
"PREDICTS",110,"VK1_2011__Jung","Jung and Powell 2011",2011,"Mammalian Biology","10.1016/j.mambio.2011.08.002"
"PREDICTS",111,"VK1_2011__Legare","Légaré et al. 2011",2011,"Silva Fennica",""
"PREDICTS",112,"VK1_2012__Noreika","Noreika and Kotze 2012",2012,"Journal of Insect Conservation","10.1007/s10841-012-9474-3"
"PREDICTS",113,"VK1_2013__ABMIboreal","Alberta Biodiversity Monitoring Institute (ABMI) 2013",2013,"",""
"Kuipers_GCB_2023",114,"2","Luz et al. 2020",2020,"AustralEcol","10.1111/aec.12989"
"Kuipers_GCB_2023",115,"3","Carvalho et al. 2020",2020,"FrontEcolEvol","10.3389/fevo.2020.609214"
"Kuipers_GCB_2023",116,"8","Katunzi et al. 2020",2020,"AfrJEcol","10.1111/aje.12783"
"Kuipers_GCB_2023",117,"9","Nyirenda et al. 2020",2020,"Diversity-Basel","10.3390/d12100365"
"Kuipers_GCB_2023",118,"12","Mertens et al. 2020",2020,"Oryx","10.1017/S0030605318000844"
"Kuipers_GCB_2023",119,"14","Curveira-Santos et al. 2020",2020,"JApplEcol","10.1111/1365-2664.13726"
"Kuipers_GCB_2023",120,"16","Pereira et al. 2020",2020,"JNatConserv","10.1016/j.jnc.2020.125846"
"Kuipers_GCB_2023",121,"17","Monette et al. 2020",2020,"Biotropica","10.1111/btp.12834"
"Kuipers_GCB_2023",122,"21","Musila et al. 2020",2020,"Mammalia","10.1515/mammalia-2018-0117"
"Kuipers_GCB_2023",123,"26","Madrid-Lopez et al. 2019",2019,"ActaChiropt","10.3161/15081109ACC2019.21.2.012"
"Kuipers_GCB_2023",124,"30","Waghiiwimbom et al. 2020",2020,"AfrJEcol","10.1111/aje.12692"
"Kuipers_GCB_2023",125,"41","Chapman et al. 2019",2019,"FrontForGlobChange","10.3389/ffgc.2019.00002"
"Kuipers_GCB_2023",125,"41","Chapman et al. 2019",2019,"FrontForGlobChange","10.3389/ffgc.2019.00003"
"Kuipers_GCB_2023",125,"41","Chapman et al. 2019",2019,"FrontForGlobChange","10.3389/ffgc.2019.00004"
"Kuipers_GCB_2023",125,"41","Chapman et al. 2019",2019,"FrontForGlobChange","10.3389/ffgc.2019.00005"
"Kuipers_GCB_2023",125,"41","Chapman et al. 2019",2019,"FrontForGlobChange","10.3389/ffgc.2019.00006"
"Kuipers_GCB_2023",125,"41","Chapman et al. 2019",2019,"FrontForGlobChange","10.3389/ffgc.2019.00007"
"Kuipers_GCB_2023",125,"41","Chapman et al. 2019",2019,"FrontForGlobChange","10.3389/ffgc.2019.00008"
"Kuipers_GCB_2023",125,"41","Chapman et al. 2019",2019,"FrontForGlobChange","10.3389/ffgc.2019.00009"
"Kuipers_GCB_2023",125,"41","Chapman et al. 2019",2019,"FrontForGlobChange","10.3389/ffgc.2019.00010"
"Kuipers_GCB_2023",125,"41","Chapman et al. 2019",2019,"FrontForGlobChange","10.3389/ffgc.2019.00011"
"Kuipers_GCB_2023",125,"41","Chapman et al. 2019",2019,"FrontForGlobChange","10.3389/ffgc.2019.00012"
"Kuipers_GCB_2023",125,"41","Chapman et al. 2019",2019,"FrontForGlobChange","10.3389/ffgc.2019.00013"
"Kuipers_GCB_2023",125,"41","Chapman et al. 2019",2019,"FrontForGlobChange","10.3389/ffgc.2019.00014"
"Kuipers_GCB_2023",125,"41","Chapman et al. 2019",2019,"FrontForGlobChange","10.3389/ffgc.2019.00015"
"Kuipers_GCB_2023",125,"41","Chapman et al. 2019",2019,"FrontForGlobChange","10.3389/ffgc.2019.00016"
"Kuipers_GCB_2023",125,"41","Chapman et al. 2019",2019,"FrontForGlobChange","10.3389/ffgc.2019.00017"
"Kuipers_GCB_2023",125,"41","Chapman et al. 2019",2019,"FrontForGlobChange","10.3389/ffgc.2019.00018"
"Kuipers_GCB_2023",125,"41","Chapman et al. 2019",2019,"FrontForGlobChange","10.3389/ffgc.2019.00019"
"Kuipers_GCB_2023",125,"41","Chapman et al. 2019",2019,"FrontForGlobChange","10.3389/ffgc.2019.00020"
"Kuipers_GCB_2023",125,"41","Chapman et al. 2019",2019,"FrontForGlobChange","10.3389/ffgc.2019.00021"
"Kuipers_GCB_2023",125,"41","Chapman et al. 2019",2019,"FrontForGlobChange","10.3389/ffgc.2019.00022"
"Kuipers_GCB_2023",125,"41","Chapman et al. 2019",2019,"FrontForGlobChange","10.3389/ffgc.2019.00023"
"Kuipers_GCB_2023",125,"41","Chapman et al. 2019",2019,"FrontForGlobChange","10.3389/ffgc.2019.00024"
"Kuipers_GCB_2023",125,"41","Chapman et al. 2019",2019,"FrontForGlobChange","10.3389/ffgc.2019.00025"
"Kuipers_GCB_2023",126,"46","Flores-Morales et al. 2019",2019,"MammalRes","10.1007/s13364-018-0385-x"
"Kuipers_GCB_2023",127,"49","Cloyed et al. 2018",2018,"JFishWildlManag","10.3996/122017-JFWM-103"
"Kuipers_GCB_2023",128,"52","Olimpi et al. 2018",2018,"AgricEcosystEnviron","10.1016/j.agee.2018.06.008"
"Kuipers_GCB_2023",129,"58","Wordley et al. 2018",2018,"EcolEvol","10.1002/ece3.3942"
"Kuipers_GCB_2023",130,"64","Gumbi et al. 2018",2018,"AfrZool","10.1080/15627020.2018.1449665"
"Kuipers_GCB_2023",131,"68","Wechuli et al. 2017",2017,"AfrJEcol","10.1111/aje.12376"
"Kuipers_GCB_2023",132,"71","Zarybnicka et al. 2017",2017,"EurJWildlRes","10.1007/s10344-017-1147-9"
"Kuipers_GCB_2023",133,"77","Bobo et al. 2017",2017,"TropEcol",NA
"Kuipers_GCB_2023",134,"80","Novaes et al. 2017",2017,"Mammalia","10.1515/mammalia-2015-0115"
"Kuipers_GCB_2023",135,"83","Mendes et al. 2017",2017,"LandscEcol","10.1007/s10980-016-0444-0"
"Kuipers_GCB_2023",136,"84","Yao et al. 2017",2017,"WildlRes","10.1071/WR17068"
"Kuipers_GCB_2023",137,"85","Stahlschmidt et al. 2017",2017,"FrontEnvironSci","10.3389/fenvs.2017.00062"
"Kuipers_GCB_2023",138,"94","Ricketts et al. 2016",2016,"Ecosphere","10.1002/ecs2.1431"
"Kuipers_GCB_2023",139,"99","Lagesse et al. 2016",2016,"JAridEnviron","10.1016/j.jaridenv.2016.03.006"
"Kuipers_GCB_2023",139,"99","Lagesse et al. 2016",2016,"JAridEnviron","10.1016/j.jaridenv.2016.03.007"
"Kuipers_GCB_2023",139,"99","Lagesse et al. 2016",2016,"JAridEnviron","10.1016/j.jaridenv.2016.03.010"
"Kuipers_GCB_2023",139,"99","Lagesse et al. 2016",2016,"JAridEnviron","10.1016/j.jaridenv.2016.03.011"
"Kuipers_GCB_2023",139,"99","Lagesse et al. 2016",2016,"JAridEnviron","10.1016/j.jaridenv.2016.03.012"
"Kuipers_GCB_2023",139,"99","Lagesse et al. 2016",2016,"JAridEnviron","10.1016/j.jaridenv.2016.03.013"
"Kuipers_GCB_2023",139,"99","Lagesse et al. 2016",2016,"JAridEnviron","10.1016/j.jaridenv.2016.03.014"
"Kuipers_GCB_2023",139,"99","Lagesse et al. 2016",2016,"JAridEnviron","10.1016/j.jaridenv.2016.03.015"
"Kuipers_GCB_2023",139,"99","Lagesse et al. 2016",2016,"JAridEnviron","10.1016/j.jaridenv.2016.03.016"
"Kuipers_GCB_2023",139,"99","Lagesse et al. 2016",2016,"JAridEnviron","10.1016/j.jaridenv.2016.03.017"
"Kuipers_GCB_2023",139,"99","Lagesse et al. 2016",2016,"JAridEnviron","10.1016/j.jaridenv.2016.03.018"
"Kuipers_GCB_2023",139,"99","Lagesse et al. 2016",2016,"JAridEnviron","10.1016/j.jaridenv.2016.03.019"
"Kuipers_GCB_2023",140,"105","Cruz et al. 2016",2016,"AnimConserv","10.1111/acv.12216"
"Kuipers_GCB_2023",141,"107","Moore et al. 2016",2016,"BiolConserv","10.1016/j.biocon.2015.12.015"
"Kuipers_GCB_2023",142,"114","Moreira-Arce et al. 2015",2015,"BiolConserv","10.1016/j.biocon.2015.09.015"
"Kuipers_GCB_2023",143,"115","Freudmann et al. 2015",2015,"BiodiversConserv","10.1007/s10531-015-1021-6"
"Kuipers_GCB_2023",144,"119","Sidhu et al. 2015",2015,"CurrSci",NA
"Kuipers_GCB_2023",145,"124","Stuart et al. 2015",2015,"WildlRes","10.1071/WR14195"
"Kuipers_GCB_2023",146,"125","Caudill et al. 2015",2015,"AgricEcosystEnviron","10.1016/j.agee.2014.08.023"
"Kuipers_GCB_2023",147,"130","Rocha et al. 2014",2014,"ZoolStud","10.1186/s40555-014-0060-0"
"Kuipers_GCB_2023",148,"131","Coelho et al. 2014",2014,"BiodiversConserv","10.1007/s10531-014-0772-9"
"Kuipers_GCB_2023",149,"134","Addisu et al. 2014",2014,"AfrJEcol","10.1111/aje.12115"
"Kuipers_GCB_2023",150,"137","Mendes et al. 2014",2014,"EurJWildlRes","10.1007/s10344-014-0832-1"
"Kuipers_GCB_2023",151,"138","Tsujino et al. 2014",2014,"EcolRes","10.1007/s11284-014-1159-9"
"Kuipers_GCB_2023",152,"139","Meynard et al. 2014",2014,"BiodiversConserv","10.1007/s10531-014-0697-3"
"Kuipers_GCB_2023",153,"140","Fischer et al. 2014",2014,"AgricEcosystEnviron","10.1016/j.agee.2014.03.039"
"Kuipers_GCB_2023",154,"142","Whitehead et al. 2014",2014,"WildlRes","10.1071/WR14082"
"Kuipers_GCB_2023",155,"151","Garcia et al. 2013",2013,"Mammalia","10.1515/mammalia-2011-0134"
"Kuipers_GCB_2023",156,"153","Golet et al. 2013",2013,"RiverResAppl","10.1002/rra.1588"
"Kuipers_GCB_2023",157,"160","Suchomel et al. 2012",2012,"EurJForRes","10.1007/s10342-012-0644-3"
"Kuipers_GCB_2023",158,"161","Martin et al. 2012",2012,"ForEcolManage","10.1016/j.foreco.2012.07.002"
"Kuipers_GCB_2023",159,"165","Dotta et al. 2011",2011,"Mammalia","10.1515/MAMM.2011.049"
"Kuipers_GCB_2023",160,"166","Rocha et al. 2011",2011,"PLoSOne","10.1371/journal.pone.0023312"
"Kuipers_GCB_2023",161,"172","Takele et al. 2011",2011,"TropEcol",NA
"Kuipers_GCB_2023",162,"173","Andrade-Nunez et al. 2010",2010,"Zoologia","10.1590/S1984-46702010000600012"
"Kuipers_GCB_2023",163,"176","Saldana-Vazquez et al. 2010",2010,"BiodiversConserv","10.1007/s10531-010-9829-6"
"Kuipers_GCB_2023",164,"177","Panzacchi et al. 2010",2010,"ForEcolManage","10.1016/j.foreco.2010.01.030"
"Kuipers_GCB_2023",165,"180","Nicolas et al. 2009",2009,"BiodiversConserv","10.1007/s10531-008-9572-4"
"Kuipers_GCB_2023",166,"181","Bernard et al. 2009",2009,"MammStudy","10.3106/041.034.0204"
"Kuipers_GCB_2023",167,"183","Fukuda et al. 2009",2009,"RafflesBullZool",NA
"Kuipers_GCB_2023",168,"187","Datta et al. 2008",2008,"CurrSci",NA
"Kuipers_GCB_2023",169,"189","Nasi et al. 2008",2008,"BiodiversConserv","10.1007/s10531-007-9237-11"
"Kuipers_GCB_2023",169,"189","Nasi et al. 2008",2008,"BiodiversConserv","10.1007/s10531-007-9237-15"
"Kuipers_GCB_2023",169,"189","Nasi et al. 2008",2008,"BiodiversConserv","10.1007/s10531-007-9237-19"
"Kuipers_GCB_2023",169,"189","Nasi et al. 2008",2008,"BiodiversConserv","10.1007/s10531-007-9237-23"
"Kuipers_GCB_2023",170,"194","Gambalemoke et al. 2008",2008,"Mammalia","10.1515/MAMM.2008.039"
"Kuipers_GCB_2023",171,"195","Gambalemoke et al. 2008",2008,"Mammalia","10.1515/MAMM.2008.043"
"Kuipers_GCB_2023",172,"196","Van Weerd et al. 2008",2008,"",NA
"Kuipers_GCB_2023",173,"197","Gardner et al. 2007",2007,"ConservBiol","10.1111/j.1523-1739.2007.00794.x"
"Kuipers_GCB_2023",174,"204","Heroldova et al. 2007",2007,"AgricEcosystEnviron","10.1016/j.agee.2006.09.007"
"Kuipers_GCB_2023",175,"205","King et al. 2007",2007,"BiodiversConserv","10.1007/s10531-006-9068-z"
"Kuipers_GCB_2023",176,"206","Umetsu et al. 2007",2007,"LandscEcol","10.1007/s10980-006-9041-y"
"Kuipers_GCB_2023",177,"214","Sullivan et al. 2006",2006,"AgricEcosystEnviron","10.1016/j.agee.2006.02.010"
"Kuipers_GCB_2023",178,"215","Nakagawa et al. 2006",2006,"ForEcolManage","10.1016/j.foreco.2006.05.006"
"Kuipers_GCB_2023",179,"217","Wijesinghe et al. 2005",2005,"JTropEcol","10.1017/S0266467405002695"
"Kuipers_GCB_2023",180,"219","Pineda et al. 2005",2005,"ConservBiol","10.1111/j.1523-1739.2005.00531.x"
"Kuipers_GCB_2023",181,"221","Numa et al. 2005",2005,"BiolConserv","10.1016/j.biocon.2004.07.013"
"Kuipers_GCB_2023",182,"224","Saavedra et al. 2005",2005,"Mammalia","10.1515/mamm.2005.027"
"Kuipers_GCB_2023",183,"227","Suntsov et al. 2003",2003,"Mammalia","10.1515/mamm.2003.67.3.379"
"Kuipers_GCB_2023",184,"229","Horvath et al. 2001",2001,"StudNeotropFaunaEnviron","10.1076/snfe.36.3.169.2130"
"Kuipers_GCB_2023",185,"230","Gubista 1999",1999,"",NA
"Kuipers_GCB_2023",186,"231","Meunier et al. 1999",1999,"","10.1139/cjz-77-1-108"
"Kuipers_GCB_2023",187,"237","Rosenstock 1996",1996,"","10.2307/4002878"
"Kuipers_GCB_2023",188,"238","King et al. 1996",1996,"",NA
"BioTIME",235,"10","Webb, S. L. & Scanga, S. E. 2001",NA,"Ecology",NA
"BioTIME",236,"51","""Fluctuations and long-term trends in the relative densities of tetraonid populations in Finland, 1964-77."" NERC Centre for Population Biology, Imperial College. The Global Population Dynamics Database v2.0. Available at: https://www.imperial.ac.uk/cpb/gpdd2/secure/register.aspx, accessed 2012. NA",NA,NA,NA
"BioTIME",236,"51","Lindén, H. & Rajala, P. 1981",NA,"Finnish Game Research",NA
"BioTIME",237,"52","""A transect survey of small land carnivore and red fox populations on a subarctic fell in Finnish forest Lapland over 13 winters"". NERC Centre for Population Biology, Imperial College, The Global Population Dynamics Database v2.0. Available at: http://www3.imperial.ac.uk/cpb/databases/gpdd, accessed 2012. NA",NA,NA,NA
"BioTIME",237,"52","Pulliainen, E. 1981",NA,"Annales Zoologici Fennici",NA
"BioTIME",238,"53","Grant, P. R. 1976",NA,"Hilaire",NA
"BioTIME",239,"56","Friggens, M. 2008",NA,"Available at: http://sev.lternet.edu/data/sev-8",NA
"BioTIME",240,"58","Waide, R. B. 2010",NA,"Long Term Ecological Research Network",NA
"BioTIME",240,"58","Waide, R. B. ""Bird abundance - point counts, El Verde Field Station, Puerto Rico: Luquillo Long Term Ecological Research Site Database: Data Set 23"". Available at: http:/luq.lternet.edu/data/luqmetadata23, accessed 2012. NA",NA,NA,NA
"BioTIME",241,"59","Ernest, S., Valone, T.J. & Brown, J.H. 2009",NA,"Ecology",NA
"BioTIME",242,"63","Moore, N. W. 1991",NA,"NERC Centre for Population Biology",NA
"BioTIME",242,"63","Moore, N. 1991",NA,"Odonatologica",NA
"BioTIME",243,"67","""Animal Demography Unit - Coordinated Waterbird Counts CWAC",NA,"Available at http://www.iobis.org/",NA
"BioTIME",244,"194","Jones, J. & Miller, J. ""Spatial and temporal distribution and abundance of moths in the Andrews Experimental Forest, 1994 to 2008"". H. J. Andrews Experimental Forest. Forest Science Data Bank, Corvallis. Available at: http://andrewsforest.oregonstate.edu/data/abstract.cfm?dbcode=SA015, accessed 2013. NA",NA,NA,NA
"BioTIME",245,"195","USGS Patuxent Wildlife Research Center “North American Breeding Bird Survey” ftp data set, version 2014.0. Available at: ftp://ftpext.usgs.gov/pub/er/md/laurel/BBS/DataFiles/, accessed 2013. NA",NA,NA,NA
"BioTIME",246,"201","Fletcher, C. & Kassim, A.R. Pasoh Forest Dynamics Plot Data.  Available at: http://www.ctfs.si.edu/site/Pasoh/, accessed 2013. NA",NA,NA,NA
"BioTIME",247,"202","Sukumar, R. Mudumalai Forest Dynamics Plot Data. Available at: http://www.ctfs.si.edu/site/Mudumalai/, accessed 2013. NA",NA,NA,NA
"BioTIME",248,"221","Viereck, L.A., Van Cleve, K., Chapin, F.S., Ruess, R.W. & Hollingsworth, T.N. 2005",NA,"Environmental Data Initiative",NA
"BioTIME",249,"224","Cavender-Bares, J. & Reich, P.B. 2012",NA,"Ecology",NA
"BioTIME",249,"224","Reich, P., Wedin, D., Hobbie, S. & Davis, M. “Experiment 133 - Effect of Burning Patterns on Vegetation in the Fish Lake Burn Compartments - Shrub Survey”. Cedar Creek Ecosystem Science Reserve. Available at: http://www.cedarcreek.umn.edu/research/data/experiment?e133, accessed 2012. NA",NA,NA,NA
"BioTIME",250,"234","Battles, J.J., Fahey, T. & Cleavitt, N. “Forest Inventory of a Northern Hardwood Forest: Watershed 6 1965, Hubbard Brook Experimental Forest.” The Hubbard Brook Ecosystem Study LTER Program.  Available at: http://www.hubbardbrook.org/data/dataset.php?id=29, accessed 2016. NA",NA,NA,NA
"BioTIME",250,"234","Battles, J.J., Fahey, T. & Cleavitt, N. “Forest Inventory of a Northern Hardwood Forest: Watershed 6 1977, Hubbard Brook Experimental Forest.” The Hubbard Brook Ecosystem Study LTER Program.  Available at: http://www.hubbardbrook.org/data/dataset.php?id=30, accessed 2016. NA",NA,NA,NA
"BioTIME",250,"234","Battles, J.J., Fahey, T. & Cleavitt, N. “Forest Inventory of a Northern Hardwood Forest: Watershed 6 1987, Hubbard Brook Experimental Forest.” The Hubbard Brook Ecosystem Study LTER Program.  Available at: http://www.hubbardbrook.org/data/dataset.php?id=32, accessed 2016. NA",NA,NA,NA
"BioTIME",250,"234","Battles, J.J., Fahey, T. & Cleavitt, N. “Forest Inventory of a Northern Hardwood Forest: Watershed 6 1992, Hubbard Brook Experimental Forest.” The Hubbard Brook Ecosystem Study LTER Program.  Available at: http://www.hubbardbrook.org/data/dataset.php?id=33, accessed 2016. NA",NA,NA,NA
"BioTIME",250,"234","Battles, J.J., Fahey, T. & Cleavitt, N. “Forest Inventory of a Northern Hardwood Forest: Watershed 6 1997, Hubbard Brook Experimental Forest.” The Hubbard Brook Ecosystem Study LTER Program.  Available at: http://www.hubbardbrook.org/data/dataset.php?id=34, accessed 2016. NA",NA,NA,NA
"BioTIME",250,"234","Battles, J.J., Fahey, T.  & Cleavitt, N. “Forest Inventory of a Northern Hardwood Forest: Watershed 6 1982, Hubbard Brook Experimental Forest.” The Hubbard Brook Ecosystem Study LTER Program.  Available at: http://www.hubbardbrook.org/data/dataset.php?id=31, accessed 2016. NA",NA,NA,NA
"BioTIME",250,"234","Battles, J.J., Johnson, C., Hamburg, S., Fahey, T., Driscoll, C. & Likens, G. 2003",NA," Available at: http://www.hubbardbrook.org/data/dataset.php?id=35",NA
"BioTIME",251,"239","Muldavin, E. “Pinon Juniper Net Primary Production Quadrat Data from the Sevilleta National Wildlife Refuge, New Mexico: 1999-2001.” Sevilleta Long Term Ecological Research Program. Available at: http://sev.lternet.edu/data/sev-187, accessed 2013. NA",NA,NA,NA
"BioTIME",252,"241","Condit, R. “Sherman Forest Dynamics Plot, Panama.” The Center for Tropical Forest Science. Smithsonian Tropical Research Institute.  Available at: http://www.ctfs.si.edu/site/Sherman/, accessed 2013. NA",NA,NA,NA
"BioTIME",252,"241","Condit, R., Pérez, R., Aguilar, S., Lao, S., Robin, F. & Hubbell, S. 2018",NA,"DataONE Dash",NA
"BioTIME",253,"243","Day, F. 2010",NA,"Available at: http://www.vcrlter.virginia.edu/cgi-bin/showDataset.cgi?docid=knb-lter-vcr.106",NA
"BioTIME",253,"243","Day, F. P., Conn, C., Crawford, E. & Stevenson, M. 2004",NA,"Journal of Coastal Research",NA
"BioTIME",254,"255","Woods, K. D. 2009",NA,"Ecology",NA
"BioTIME",255,"270","Lloret, F., Peñuelas, J. & Estiarte, M. 2004",NA,"Global Change Biology",NA
"BioTIME",256,"275","Davis, R. A. & Doherty, T. S. 2015",NA,"PLoS ONE 10(5)",NA
"BioTIME",257,"302","Barreto, T.E. Patterns and processes affecting the dynamics and structure of seasonally semi-deciduous forests in SE of Brazil.University of Campinas, PhD thesis.  Accessed 2016. NA",NA,NA,NA
"BioTIME",258,"303","Salami, B., Higuchi, P., Silva, A. C., Ferreira, T. S., Marcon, A. K., Buzzi Jr, F. & Bento, M. A. 2014",NA,"Scientia Forestalis (IPEF)",NA
"BioTIME",259,"304","Privett, S., Cowling, R. & Taylor, H. 2001",NA,"Bothalia",NA
"BioTIME",259,"304","Taylor, H. 1984",NA,"I",NA
"BioTIME",259,"304","Thuiller, W., Slingsby, J. A., Privett, S. D. J. & Cowling, R. M. 2007",NA,"PLoS ONE",NA
"BioTIME",260,"308","Merritt, J. 1999",NA,"Environmental Data Initiative",NA
"BioTIME",261,"311","Kaufman, D.W. Seasonal summary of numbers of small mammals on 14 LTER traplines in prairie habitats at Konza Prairie. Konza Prairie Long-Term Ecological Research. Available at: http://lter.konza.ksu.edu/content/csm01-seasonal-summary-numbers-small-mammals-14-lter-traplines-prairie-habitats-konza, accessed 2016. NA",NA,NA,NA
"BioTIME",262,"312","Prins, H. H. T. & Douglas-Hamilton, I. 1990",NA,"Oecologia",NA
"BioTIME",263,"313","Knops, J. & Tilman, D. Successional Dynamics on a Resampled Chronosequence - Experiment 014. Cedar Creek Ecosystem Science Reserve. Available at http://www.cedarcreek.umn.edu/research/data/dataset?ghe014, accessed 2016. NA",NA,NA,NA
"BioTIME",264,"315","Lightfoot, D. 2007",NA,"Jornada Basin LTER",NA
"BioTIME",265,"317","Twilley, R., Rivera-Monroy, V. H. & Castaneda, E. 2005",NA,"Florida Coastal Everglades LTER",NA
"BioTIME",266,"322","Farah, F. T., Rodrigues, R. R., Santos, F. A. M., Tamashiro, J. Y., Shepherd, G. J., Siqueira, T., Batista, J. L. F. & Manly, B. J. F. 2014",NA,"Ecological Indicators",NA
"BioTIME",267,"323","Reagan, D.P. 1991",NA,"Biotropica",NA
"BioTIME",268,"324","Venturoli, F., Felfili, J. M. & Fagg, C. W. 2011",NA,"Revista Arvore",NA
"BioTIME",269,"325","Venturoli, F., Felfili, J. M. & Fagg, C. W. 2011",NA,"Revista Arvore",NA
"BioTIME",270,"326","Venturoli, F., Felfili, J. M. & Fagg, C. W. 2011",NA,"Revista Arvore",NA
"BioTIME",271,"329","Pélissier, R., Pascal, J.-P., Ayyappan, N., Ramesh, B. R., Aravajy, S. & Ramalingam, S. R. 2011",NA,"Ecology",NA
"BioTIME",272,"341","Silva, F. R. “Brazil Dataset 1”, Universidade Federal de São Carlos. Accessed 2016. NA",NA,NA,NA
"BioTIME",273,"342","Durigan, G. “Brazil Dataset 2”, Instituto Florestal, Floresta Estadual de Assis. Accessed 2016. NA",NA,NA,NA
"BioTIME",274,"343","Durigan, G. “Brazil Dataset 3”, Instituto Florestal, Floresta Estadual de Assis. Accessed 2016. NA",NA,NA,NA
"BioTIME",275,"344","Durigan, G. “Brazil Dataset 4”, Instituto Florestal, Floresta Estadual de Assis. Accessed 2016. NA",NA,NA,NA
"BioTIME",276,"345","Durigan, G. “Brazil Dataset 5”, Instituto Florestal, Floresta Estadual de Assis. Accessed 2016. NA",NA,NA,NA
"BioTIME",277,"346","Sanquetta, C. R. 2008",NA,"(Experiencias de monitoramento no bioma mata atlantica com uso de parcelas permanentes)”",NA
"BioTIME",278,"348","Carvalho, F., Zocche, J.J. & Mendonça, R.Á. 2009",NA,NA,NA
"BioTIME",279,"352","Myster, R.W. “Flooded forest plot sampling in Peru”. Luquillo LTER. Available at: http://luq.lternet.edu/data/luqmetadata169, accessed 2016. NA",NA,NA,NA
"BioTIME",280,"353","Norden, N., García, H. & Salgado, B. “La Planada Forest Dynamics Plot”. The Center for Tropical Forest Science. Smithsonian Tropical Research Institute. Available at: http://www.ctfs.si.edu/site/La+Planada, accessed 2016. NA",NA,NA,NA
"BioTIME",281,"356","Bradford, M.G., Murphy, H.T., Ford, A.J., Hogan, D.L. & Metcalfe, D.J. 2014",NA,"Ecology",NA
"BioTIME",282,"357","Stapp, P. 2013",NA,"Environmental Data Initiative",NA
"BioTIME",283,"372","Monitoring Site 1000 Project, Biodiversity Center, Ministry of Environment of Japan 2014",NA,"Accessed 2016.",NA
"BioTIME",284,"380","NERC 2010",NA,"Centre for Population Biology",NA
"BioTIME",284,"380","Pollard, E. 1991",NA,"In: F",NA
"BioTIME",285,"382","Krefting, L. W. & Ahlgren, C. E. 1974",NA,"Ecology",NA
"BioTIME",285,"382","NERC 2010",NA,"Centre for Population Biology",NA
"BioTIME",286,"383","Vrška, T., Král, K., Janík, D. & Adam, D. “Natural Forests of the Czech Republic”. Available at: http://naturalforests.cz/research, accessed 2016. NA",NA,NA,NA
"BioTIME",287,"384","Vrška, T., Král, K., Janík, D. & Adam, D. “Natural Forests of the Czech Republic”. Available at: http://naturalforests.cz/research, accessed 2016. NA",NA,NA,NA
"BioTIME",288,"385","Vrška, T., Král, K., Janík, D. & Adam, D. “Natural Forests of the Czech Republic”. Available at: http://naturalforests.cz/research, accessed 2016. NA",NA,NA,NA
"BioTIME",289,"386","Vrška, T., Král, K., Janík, D. & Adam, D. “Natural Forests of the Czech Republic”. Available at: http://naturalforests.cz/research, accessed 2016. NA",NA,NA,NA
"BioTIME",290,"387","Vrška, T., Král, K., Janík, D. & Adam, D. “Natural Forests of the Czech Republic”. Available at: http://naturalforests.cz/research, accessed 2016. NA",NA,NA,NA
"BioTIME",291,"388","Vrška, T., Král, K., Janík, D. & Adam, D. “Natural Forests of the Czech Republic”. Available at: http://naturalforests.cz/research, accessed 2016. NA",NA,NA,NA
"BioTIME",292,"389","Vrška, T., Král, K., Janík, D. & Adam, D. “Natural Forests of the Czech Republic”. Available at: http://naturalforests.cz/research, accessed 2016. NA",NA,NA,NA
"BioTIME",293,"390","Vrška, T., Král, K., Janík, D. & Adam, D. “Natural Forests of the Czech Republic”. Available at: http://naturalforests.cz/research, accessed 2016. NA",NA,NA,NA
"BioTIME",294,"391","Vrška, T., Král, K., Janík, D. & Adam, D. “Natural Forests of the Czech Republic”. Available at: http://naturalforests.cz/research, accessed 2016. NA",NA,NA,NA
"BioTIME",295,"392","Vrška, T., Král, K., Janík, D. & Adam, D. “Natural Forests of the Czech Republic”. Available at: http://naturalforests.cz/research, accessed 2016. NA",NA,NA,NA
"BioTIME",296,"393","Vrška, T., Král, K., Janík, D. & Adam, D. “Natural Forests of the Czech Republic”. Available at: http://naturalforests.cz/research, accessed 2016. NA",NA,NA,NA
"BioTIME",297,"394","Vrška, T., Král, K., Janík, D. & Adam, D. “Natural Forests of the Czech Republic”. Available at: http://naturalforests.cz/research, accessed 2016. NA",NA,NA,NA
"BioTIME",298,"395","Vrška, T., Král, K., Janík, D. & Adam, D. “Natural Forests of the Czech Republic”. Available at: http://naturalforests.cz/research, accessed 2016. NA",NA,NA,NA
"BioTIME",299,"396","Vrška, T., Král, K., Janík, D. & Adam, D. “Natural Forests of the Czech Republic”. Available at: http://naturalforests.cz/research, accessed 2016. NA",NA,NA,NA
"BioTIME",300,"397","Vrška, T., Král, K., Janík, D. & Adam, D. “Natural Forests of the Czech Republic”. Available at: http://naturalforests.cz/research, accessed 2016. NA",NA,NA,NA
"BioTIME",301,"398","Vrška, T., Král, K., Janík, D. & Adam, D. “Natural Forests of the Czech Republic”. Available at: http://naturalforests.cz/research, accessed 2016. NA",NA,NA,NA
"BioTIME",302,"399","Vrška, T., Král, K., Janík, D. & Adam, D. “Natural Forests of the Czech Republic”. Available at: http://naturalforests.cz/research, accessed 2016. NA",NA,NA,NA
"BioTIME",303,"400","Vrška, T., Král, K., Janík, D. & Adam, D. “Natural Forests of the Czech Republic”. Available at: http://naturalforests.cz/research, accessed 2016. NA",NA,NA,NA
"BioTIME",304,"401","Vrška, T., Král, K., Janík, D. & Adam, D. “Natural Forests of the Czech Republic”. Available at: http://naturalforests.cz/research, accessed 2016. NA",NA,NA,NA
"BioTIME",305,"404","Fidelis, A. & Damasceno, G. “Brazil Dataset 7”, Lab of Vegetation Ecology, Universidade Estadual Paulista. Accessed 2016. NA",NA,NA,NA
"BioTIME",306,"405","Fidelis, A. “Brazil Dataset 8”, Lab of Vegetation Ecology, Universidade Estadual Paulista. Accessed 2016. NA",NA,NA,NA
"BioTIME",307,"406","Fidelis, A., Blanco, C. C., Müller, S. C., Pillar, V. D. & Pfadenhauer, J. 2012",NA,"Journal of Vegetation Science",NA
"BioTIME",308,"422","Monitoring Site 1000 Project, Biodiversity Center, Ministry of Environment of Japan 2015",NA,"Accessed 2016.",NA
"BioTIME",309,"423","Monitoring Site 1000 Project, Biodiversity Center, Ministry of Environment of Japan 2015",NA,"Accessed 2016.",NA
"BioTIME",310,"424","Monitoring Site 1000 Project, Biodiversity Center, Ministry of Environment of Japan 2015",NA,"Accessed 2016.",NA
